,climate,Code,daytime,Tmax,Tmin,Rhmean,u2,GAMA,Rn,G,es
3072,Cfa,40718,1/1/2001,9.63,5.6,67.6,3.36,0.07,0.21,0.85,1.05
3073,Cfa,40718,2/1/2001,12.49,6.81,52.5,2.47,0.07,1.74,0.28,1.22
3074,Cfa,40718,3/1/2001,13.96,9.25,60.0,2.94,0.07,4.94,0.39,1.38
3075,Cfa,40718,4/1/2001,17.14,13.19,59.7,2.45,0.07,7.78,0.57,1.74
3076,Cfa,40718,5/1/2001,22.08,17.42,52.2,2.29,0.07,10.73,0.58,2.32
3077,Cfa,40718,6/1/2001,25.97,20.87,53.4,2.15,0.07,13.43,0.44,2.91
3078,Cfa,40718,7/1/2001,28.8,23.22,54.6,1.94,0.07,12.96,0.24,3.4
3079,Cfa,40718,8/1/2001,29.73,23.95,55.6,2.29,0.07,10.63,-0.17,3.58
3080,Cfa,40718,9/1/2001,26.18,21.11,51.2,1.44,0.07,6.39,-0.61,2.95
3081,Cfa,40718,10/1/2001,20.58,15.74,63.8,2.26,0.07,2.96,-0.68,2.11
3082,Cfa,40718,11/1/2001,16.92,11.02,61.5,1.79,0.07,0.58,-0.48,1.62
3083,Cfa,40718,12/1/2001,13.99,8.66,64.8,3.6,0.07,0.05,-0.42,1.36
3084,Cfa,40718,1/1/2002,10.12,5.73,73.5,3.66,0.07,0.43,-0.15,1.08
3085,Cfa,40718,2/1/2002,12.06,6.35,62.5,2.57,0.07,1.81,0.26,1.18
3086,Cfa,40718,3/1/2002,14.21,9.12,59.2,3.25,0.07,4.78,0.27,1.39
3087,Cfa,40718,4/1/2002,14.39,11.69,74.6,3.35,0.07,6.57,0.38,1.51
3088,Cfa,40718,5/1/2002,18.85,15.26,63.5,2.69,0.07,10.55,0.73,1.96
3089,Cfa,40718,6/1/2002,25.97,21.07,50.3,2.96,0.07,13.42,0.69,2.93
3090,Cfa,40718,7/1/2002,29.83,24.09,47.4,2.55,0.07,13.83,0.23,3.6
3091,Cfa,40718,8/1/2002,29.1,24.44,60.2,3.56,0.07,9.96,-0.19,3.55
3092,Cfa,40718,9/1/2002,26.89,21.69,58.0,2.22,0.07,7.2,-0.41,3.07
3093,Cfa,40718,10/1/2002,23.4,18.37,55.1,2.97,0.07,2.92,-0.66,2.5
3094,Cfa,40718,11/1/2002,17.6,12.24,64.6,2.87,0.07,0.54,-1.01,1.72
3095,Cfa,40718,12/1/2002,8.6,4.4,67.1,4.78,0.07,0.01,-0.48,0.98
3096,Cfa,40718,1/1/2003,10.14,5.93,68.0,2.6,0.07,0.37,0.07,1.09
3097,Cfa,40718,2/1/2003,9.2,5.86,72.6,4.06,0.07,2.07,-0.06,1.05
3098,Cfa,40718,3/1/2003,8.7,5.77,79.6,3.99,0.07,4.42,0.23,1.02
3099,Cfa,40718,4/1/2003,12.6,9.02,74.1,3.43,0.07,6.59,0.76,1.3
3100,Cfa,40718,5/1/2003,20.42,15.72,60.4,2.77,0.07,11.96,0.77,2.09
3101,Cfa,40718,6/1/2003,23.97,19.55,55.6,2.99,0.07,12.64,0.53,2.63
3102,Cfa,40718,7/1/2003,27.85,23.38,61.1,3.04,0.07,12.14,0.29,3.31
3103,Cfa,40718,8/1/2003,28.38,23.3,47.8,2.58,0.07,10.33,-0.25,3.36
3104,Cfa,40718,9/1/2003,24.24,19.72,48.4,3.44,0.07,5.68,-0.37,2.66
3105,Cfa,40718,10/1/2003,23.02,18.15,52.4,2.78,0.07,2.85,-0.59,2.45
3106,Cfa,40718,11/1/2003,16.04,11.03,63.1,3.76,0.07,0.64,-0.69,1.57
3107,Cfa,40718,12/1/2003,13.56,8.03,60.4,3.33,0.07,-0.46,-0.23,1.31
3108,Cfa,40718,1/1/2004,12.6,7.9,58.3,2.48,0.07,-0.11,0.02,1.26
3109,Cfa,40718,2/1/2004,13.72,8.37,52.0,3.12,0.07,1.71,0.03,1.34
3110,Cfa,40718,3/1/2004,13.06,8.23,68.9,3.14,0.07,4.67,0.08,1.3
3111,Cfa,40718,4/1/2004,14.25,9.99,64.5,3.18,0.07,7.64,0.55,1.43
3112,Cfa,40718,5/1/2004,20.61,16.33,60.1,2.78,0.07,10.31,0.79,2.14
3113,Cfa,40718,6/1/2004,25.75,21.2,52.7,3.14,0.07,13.14,0.43,2.92
3114,Cfa,40718,7/1/2004,26.97,22.23,57.9,2.34,0.07,12.25,0.23,3.12
3115,Cfa,40718,8/1/2004,29.29,24.15,46.9,3.01,0.07,10.73,-0.15,3.54
3116,Cfa,40718,9/1/2004,25.13,19.91,49.2,3.57,0.07,6.28,-0.58,2.76
3117,Cfa,40718,10/1/2004,21.29,15.63,49.0,2.87,0.07,2.7,-0.53,2.15
3118,Cfa,40718,11/1/2004,17.71,12.13,66.7,3.2,0.07,0.69,-0.69,1.72
3119,Cfa,40718,12/1/2004,11.24,5.95,65.9,3.2,0.07,-0.75,-0.43,1.13
3120,Cfa,40718,1/1/2005,11.19,6.22,70.9,2.68,0.07,0.2,-0.17,1.14
3121,Cfa,40718,2/1/2005,8.4,3.92,68.3,4.08,0.07,1.92,0.1,0.96
3122,Cfa,40718,3/1/2005,12.66,7.68,73.7,2.59,0.07,4.63,0.55,1.26
3123,Cfa,40718,4/1/2005,16.75,11.43,65.2,2.41,0.07,8.41,0.64,1.63
3124,Cfa,40718,5/1/2005,21.6,17.03,57.0,2.19,0.07,11.32,0.62,2.26
3125,Cfa,40718,6/1/2005,25.29,20.67,56.2,2.93,0.07,11.57,0.53,2.83
3126,Cfa,40718,7/1/2005,29.56,24.25,51.0,1.94,0.07,13.38,0.23,3.58
3127,Cfa,40718,8/1/2005,29.18,23.32,50.0,2.03,0.07,9.87,-0.24,3.46
3128,Cfa,40718,9/1/2005,25.93,21.07,57.2,2.48,0.07,6.37,-0.52,2.92
3129,Cfa,40718,10/1/2005,21.84,15.89,54.7,2.93,0.07,2.81,-0.67,2.21
3130,Cfa,40718,11/1/2005,16.61,11.37,62.7,1.88,0.07,0.61,-0.45,1.62
3131,Cfa,40718,12/1/2005,14.74,10.06,68.6,1.9,0.07,-0.29,-0.52,1.46
3132,Cfa,40718,1/1/2006,8.74,4.35,70.0,2.94,0.07,0.23,-0.33,0.98
3133,Cfa,40718,2/1/2006,9.59,5.77,59.0,1.98,0.07,1.9,0.3,1.06
3134,Cfa,40718,3/1/2006,13.33,8.37,60.6,2.04,0.07,4.54,0.43,1.32
3135,Cfa,40718,4/1/2006,15.48,12.27,63.9,1.82,0.07,7.14,0.49,1.59
3136,Cfa,40718,5/1/2006,19.89,15.95,60.5,1.85,0.07,10.14,0.83,2.07
3137,Cfa,40718,6/1/2006,28.33,23.03,41.8,1.57,0.07,13.73,0.53,3.33
3138,Cfa,40718,7/1/2006,28.26,22.77,54.8,2.05,0.07,12.6,0.14,3.31
3139,Cfa,40718,8/1/2006,30.64,24.73,37.1,1.33,0.07,11.21,-0.17,3.76
3140,Cfa,40718,9/1/2006,25.81,20.31,46.5,2.22,0.07,6.34,-0.5,2.85
3141,Cfa,40718,10/1/2006,22.82,18.25,55.3,2.42,0.07,2.85,-0.63,2.44
3142,Cfa,40718,11/1/2006,17.62,10.62,59.7,2.86,0.07,0.38,-0.88,1.65
3143,Cfa,40718,12/1/2006,10.88,5.15,73.8,2.72,0.07,-0.51,-0.37,1.09
3144,Cfa,40718,1/1/2007,12.29,5.31,49.5,1.9,0.07,-0.82,0.02,1.16
3145,Cfa,40718,2/1/2007,10.5,6.14,69.4,2.09,0.07,1.99,0.03,1.11
3146,Cfa,40718,3/1/2007,11.05,7.44,71.2,2.17,0.07,4.47,0.29,1.18
3147,Cfa,40718,4/1/2007,14.29,10.63,76.6,1.93,0.07,7.1,0.69,1.46
3148,Cfa,40718,5/1/2007,21.79,16.41,54.8,1.58,0.07,11.38,0.84,2.24
3149,Cfa,40718,6/1/2007,27.14,21.69,57.1,2.0,0.07,13.04,0.43,3.1
3150,Cfa,40718,7/1/2007,27.78,22.83,58.8,1.96,0.07,12.25,0.21,3.26
3151,Cfa,40718,8/1/2007,30.16,24.54,43.2,1.52,0.07,10.25,-0.06,3.68
3152,Cfa,40718,9/1/2007,27.23,21.78,48.2,1.27,0.07,6.54,-0.54,3.11
3153,Cfa,40718,10/1/2007,22.62,16.74,45.0,1.13,0.07,2.64,-0.74,2.33
3154,Cfa,40718,11/1/2007,16.27,11.48,62.9,2.05,0.07,0.55,-0.73,1.6
3155,Cfa,40718,12/1/2007,11.53,6.92,64.1,1.7,0.07,-0.52,-0.77,1.18
3156,Cfa,40718,1/1/2008,5.31,0.48,57.4,4.12,0.07,0.18,-0.25,0.76
3157,Cfa,40718,2/1/2008,7.6,3.83,65.0,2.97,0.07,1.87,0.71,0.92
3158,Cfa,40718,3/1/2008,16.34,9.86,50.2,2.34,0.07,4.97,0.7,1.54
3159,Cfa,40718,4/1/2008,17.78,13.65,61.2,2.18,0.07,8.32,0.43,1.8
3160,Cfa,40718,5/1/2008,21.38,17.11,58.0,2.67,0.07,10.09,0.49,2.25
3161,Cfa,40718,6/1/2008,25.15,20.36,54.5,2.82,0.07,12.34,0.48,2.79
3162,Cfa,40718,7/1/2008,28.63,23.63,56.2,2.78,0.07,12.51,0.28,3.42
3163,Cfa,40718,8/1/2008,29.69,23.7,49.6,2.59,0.07,11.14,-0.15,3.55
3164,Cfa,40718,9/1/2008,26.24,21.84,44.8,2.9,0.07,5.78,-0.55,3.01
3165,Cfa,40718,10/1/2008,20.79,16.81,56.6,2.93,0.07,2.79,-0.7,2.19
3166,Cfa,40718,11/1/2008,16.57,11.4,57.1,2.15,0.07,0.39,-0.68,1.62
3167,Cfa,40718,12/1/2008,11.45,6.81,67.5,3.58,0.07,-0.06,-0.53,1.17
3168,Cfa,40718,1/1/2009,8.47,4.43,64.8,2.08,0.07,0.32,-0.01,0.97
3169,Cfa,40718,2/1/2009,10.6,7.46,60.9,1.99,0.07,2.0,0.29,1.16
3170,Cfa,40718,3/1/2009,12.67,8.45,56.9,2.72,0.07,4.49,0.15,1.29
3171,Cfa,40718,4/1/2009,12.98,9.39,75.0,2.83,0.07,7.44,0.56,1.34
3172,Cfa,40718,5/1/2009,20.83,16.36,63.1,2.33,0.07,11.13,0.88,2.16
3173,Cfa,40718,6/1/2009,26.24,21.35,46.2,2.22,0.07,12.6,0.6,2.98
3174,Cfa,40718,7/1/2009,30.06,24.28,49.4,2.7,0.07,12.12,0.01,3.65
3175,Cfa,40718,8/1/2009,26.07,21.74,62.6,2.3,0.07,8.48,-0.34,2.99
3176,Cfa,40718,9/1/2009,24.79,19.93,54.2,2.6,0.07,6.34,-0.3,2.73
3177,Cfa,40718,10/1/2009,22.36,16.96,43.0,2.09,0.07,2.56,-0.5,2.32
3178,Cfa,40718,11/1/2009,17.89,12.51,53.8,2.08,0.07,0.26,-0.61,1.75
3179,Cfa,40718,12/1/2009,12.87,9.01,65.4,2.23,0.07,0.0,-0.4,1.32
3180,Cfa,40718,1/1/2010,11.25,7.65,62.3,2.28,0.07,0.48,-0.23,1.19
3181,Cfa,40718,2/1/2010,9.26,6.01,69.6,3.08,0.07,2.08,-0.01,1.05
3182,Cfa,40718,3/1/2010,10.81,7.72,70.7,2.51,0.07,4.37,0.37,1.17
3183,Cfa,40718,4/1/2010,14.45,11.35,74.8,2.36,0.07,7.28,0.68,1.5
3184,Cfa,40718,5/1/2010,20.84,17.1,60.6,2.38,0.07,10.53,0.96,2.21
3185,Cfa,40718,6/1/2010,29.07,24.07,37.6,2.16,0.07,13.58,0.65,3.51
3186,Cfa,40718,7/1/2010,31.07,25.44,42.5,2.12,0.07,13.45,0.04,3.88
3187,Cfa,40718,8/1/2010,30.42,23.92,37.6,2.21,0.07,10.46,-0.28,3.66
3188,Cfa,40718,9/1/2010,26.97,21.61,39.0,2.46,0.07,6.33,-0.48,3.07
3189,Cfa,40718,10/1/2010,22.23,18.32,57.1,2.95,0.07,2.85,-0.63,2.39
3190,Cfa,40718,11/1/2010,18.08,12.38,42.0,1.44,0.07,-0.39,-0.42,1.76
3191,Cfa,40718,12/1/2010,17.2,11.37,37.6,1.66,0.07,-1.26,-0.43,1.65
3192,Cfa,40718,1/1/2011,11.36,6.79,59.9,3.07,0.07,0.12,-0.5,1.17
3193,Cfa,40718,2/1/2011,9.08,5.14,70.8,3.41,0.07,1.99,-0.01,1.02
3194,Cfa,40718,3/1/2011,11.16,6.6,70.6,2.42,0.07,4.7,0.48,1.15
3195,Cfa,40718,4/1/2011,16.69,11.38,59.6,2.25,0.07,7.26,0.77,1.62
3196,Cfa,40718,5/1/2011,22.37,17.41,61.7,1.72,0.07,10.56,0.75,2.35
3197,Cfa,40718,6/1/2011,27.49,22.14,48.3,2.22,0.07,12.85,0.6,3.17
3198,Cfa,40718,7/1/2011,31.77,25.02,42.1,2.14,0.07,13.59,0.05,3.93
3199,Cfa,40718,8/1/2011,28.05,23.08,58.4,2.64,0.07,9.12,-0.42,3.31
3200,Cfa,40718,9/1/2011,25.16,19.66,55.6,2.36,0.07,6.26,-0.53,2.74
3201,Cfa,40718,10/1/2011,20.88,15.21,61.9,2.4,0.07,2.97,-0.89,2.1
3202,Cfa,40718,11/1/2011,11.99,7.47,72.3,3.25,0.07,0.96,-0.63,1.22
3203,Cfa,40718,12/1/2011,11.13,6.92,58.3,1.66,0.07,-0.55,-0.14,1.16
3204,Cfa,40718,1/1/2012,10.05,5.37,62.1,2.93,0.07,-0.1,-0.31,1.06
3205,Cfa,40718,2/1/2012,6.59,2.51,66.6,2.82,0.07,1.92,-0.02,0.85
3206,Cfa,40718,3/1/2012,10.08,4.66,64.6,2.77,0.07,4.93,0.81,1.04
3207,Cfa,40718,4/1/2012,19.24,13.05,63.1,2.06,0.07,8.18,1.08,1.87
3208,Cfa,40718,5/1/2012,25.55,20.13,50.4,2.35,0.07,11.53,0.68,2.82
3209,Cfa,40718,6/1/2012,29.07,22.65,44.9,2.59,0.07,13.57,0.23,3.39
3210,Cfa,40718,7/1/2012,29.01,23.37,55.2,1.96,0.07,12.49,0.11,3.44
3211,Cfa,40718,8/1/2012,30.81,24.07,41.4,2.22,0.07,10.3,-0.21,3.72
3212,Cfa,40718,9/1/2012,26.09,20.32,51.3,2.35,0.07,6.29,-0.43,2.88
3213,Cfa,40718,10/1/2012,24.56,18.04,50.6,1.79,0.07,2.95,-0.54,2.58
3214,Cfa,40718,11/1/2012,17.77,13.22,66.5,2.77,0.07,0.78,-0.77,1.78
3215,Cfa,40718,12/1/2012,12.86,7.88,63.4,2.86,0.07,-0.17,-0.42,1.27
3216,Cfa,40718,1/1/2013,13.1,5.93,48.0,2.01,0.07,-0.78,-0.03,1.22
3217,Cfa,40718,2/1/2013,11.44,8.3,72.1,2.03,0.07,2.07,0.12,1.22
3218,Cfa,40718,3/1/2013,13.74,8.66,58.9,2.58,0.07,4.62,0.32,1.35
3219,Cfa,40718,4/1/2013,16.7,12.11,63.5,2.18,0.07,7.92,0.64,1.66
3220,Cfa,40718,5/1/2013,23.19,17.39,54.5,2.1,0.07,11.84,0.72,2.42
3221,Cfa,40718,6/1/2013,27.83,21.6,45.2,2.3,0.07,13.34,0.43,3.16
3222,Cfa,40718,7/1/2013,29.58,23.28,49.5,2.34,0.07,12.35,0.04,3.5
3223,Cfa,40718,8/1/2013,28.3,22.26,48.4,2.11,0.07,9.42,-0.17,3.27
3224,Cfa,40718,9/1/2013,26.47,21.49,52.1,2.68,0.07,5.78,-0.55,3.01
3225,Cfa,40718,10/1/2013,20.6,14.19,54.5,3.16,0.07,2.8,-0.67,2.02
3226,Cfa,40718,11/1/2013,16.91,12.04,62.2,2.43,0.07,0.79,-0.59,1.67
3227,Cfa,40718,12/1/2013,11.76,6.15,66.7,2.84,0.07,-0.6,-0.37,1.16
3228,Cfa,40718,1/1/2014,11.13,7.35,64.6,2.88,0.07,0.25,-0.2,1.18
3229,Cfa,40718,2/1/2014,8.56,3.64,60.2,1.75,0.07,1.89,0.11,0.95
3230,Cfa,40718,3/1/2014,13.28,8.32,63.3,2.71,0.07,4.69,0.54,1.31
3231,Cfa,40718,4/1/2014,15.98,11.63,61.1,2.62,0.07,8.09,0.81,1.59
3232,Cfa,40718,5/1/2014,24.96,19.66,46.5,2.48,0.07,11.85,0.8,2.73
3233,Cfa,40718,6/1/2014,28.01,22.51,46.0,2.47,0.07,13.23,0.34,3.26
3234,Cfa,40718,7/1/2014,29.72,24.52,48.5,2.45,0.07,12.86,0.2,3.63
3235,Cfa,40718,8/1/2014,31.48,24.86,40.4,2.19,0.07,11.35,-0.17,3.88
3236,Cfa,40718,9/1/2014,27.19,22.27,49.2,2.53,0.07,6.18,-0.77,3.15
3237,Cfa,40718,10/1/2014,19.33,15.13,56.1,2.75,0.07,2.72,-0.87,1.98
3238,Cfa,40718,11/1/2014,14.32,10.39,69.0,2.54,0.07,0.68,-0.48,1.45
3239,Cfa,40718,12/1/2014,12.38,8.27,60.3,2.18,0.07,0.14,-0.22,1.27
3240,Cfa,40718,1/1/2015,11.1,7.28,67.2,2.69,0.07,0.33,-0.11,1.17
3241,Cfa,40718,2/1/2015,10.29,7.12,71.5,2.78,0.07,2.05,0.06,1.13
3242,Cfa,40718,3/1/2015,11.76,8.39,74.4,2.46,0.07,4.59,0.34,1.24
3243,Cfa,40718,4/1/2015,16.04,11.12,62.5,2.53,0.07,7.8,0.72,1.57
3244,Cfa,40718,5/1/2015,23.18,17.55,47.9,2.49,0.07,11.13,0.89,2.42
3245,Cfa,40718,6/1/2015,29.71,22.97,44.0,2.38,0.07,14.09,0.5,3.49
3246,Cfa,40718,7/1/2015,30.63,24.25,51.2,2.6,0.07,13.37,0.05,3.71
3247,Cfa,40718,8/1/2015,30.23,24.01,46.3,2.77,0.07,10.04,-0.22,3.64
3248,Cfa,40718,9/1/2015,27.51,21.13,42.4,2.14,0.07,6.5,-0.55,3.09
3249,Cfa,40718,10/1/2015,21.13,17.42,59.7,3.1,0.07,2.81,-0.75,2.25
3250,Cfa,40718,11/1/2015,16.11,11.06,61.9,2.43,0.07,0.47,-0.63,1.58
3251,Cfa,40718,12/1/2015,12.9,7.6,68.1,2.58,0.07,-0.3,-0.28,1.27
3252,Cfa,40718,1/1/2016,11.81,7.23,65.5,3.01,0.07,0.05,-0.08,1.2
3253,Cfa,40718,2/1/2016,11.61,6.55,67.8,2.47,0.07,1.95,0.19,1.17
3254,Cfa,40718,3/1/2016,14.95,9.62,71.5,2.62,0.07,4.5,0.42,1.45
3255,Cfa,40718,4/1/2016,17.71,12.33,66.5,2.21,0.07,7.93,0.58,1.73
3256,Cfa,40718,5/1/2016,23.08,18.03,63.4,2.53,0.07,10.8,0.7,2.45
3257,Cfa,40718,6/1/2016,27.95,21.99,46.9,2.78,0.07,12.68,0.39,3.21
3258,Cfa,40718,7/1/2016,28.79,23.35,55.2,2.27,0.07,11.11,0.21,3.41
3259,Cfa,40718,8/1/2016,31.62,24.3,38.2,2.02,0.07,11.39,-0.16,3.85
3260,Cfa,40718,9/1/2016,26.49,21.11,54.5,2.96,0.07,6.15,-0.74,2.98
3261,Cfa,40718,10/1/2016,19.27,15.52,59.4,3.99,0.07,2.79,-0.9,2.0
3262,Cfa,40718,11/1/2016,13.26,8.74,63.5,2.69,0.07,0.52,-0.61,1.33
3263,Cfa,40718,12/1/2016,10.54,6.83,65.2,2.05,0.07,-0.08,-0.33,1.13
3264,Cfa,40719,1/1/2001,9.35,3.14,65.5,1.57,0.07,0.12,0.06,0.97
3265,Cfa,40719,2/1/2001,14.52,4.64,68.3,1.9,0.07,1.95,0.42,1.25
3266,Cfa,40719,3/1/2001,17.45,7.18,60.5,1.36,0.07,5.06,0.42,1.5
3267,Cfa,40719,4/1/2001,20.27,10.95,52.2,1.11,0.07,7.47,0.51,1.84
3268,Cfa,40719,5/1/2001,24.15,15.19,40.4,1.18,0.07,9.77,0.53,2.37
3269,Cfa,40719,6/1/2001,27.81,18.6,25.7,0.99,0.07,11.95,0.42,2.94
3270,Cfa,40719,7/1/2001,30.5,20.7,29.0,0.86,0.07,11.02,0.22,3.4
3271,Cfa,40719,8/1/2001,31.63,21.21,21.6,1.08,0.07,8.57,-0.18,3.59
3272,Cfa,40719,9/1/2001,27.26,18.7,27.6,0.67,0.07,5.15,-0.62,2.89
3273,Cfa,40719,10/1/2001,21.37,13.88,45.8,1.16,0.07,2.55,-0.68,2.07
3274,Cfa,40719,11/1/2001,17.95,8.67,59.3,1.05,0.07,0.42,-0.49,1.59
3275,Cfa,40719,12/1/2001,14.63,6.72,78.6,1.99,0.07,0.17,-0.4,1.32
3276,Cfa,40719,1/1/2002,11.64,3.43,73.7,1.62,0.07,0.24,-0.06,1.08
3277,Cfa,40719,2/1/2002,15.5,4.11,64.2,1.41,0.07,1.83,0.36,1.29
3278,Cfa,40719,3/1/2002,18.08,7.17,59.7,0.91,0.07,5.05,0.24,1.54
3279,Cfa,40719,4/1/2002,16.15,10.41,73.9,0.7,0.07,6.22,0.35,1.55
3280,Cfa,40719,5/1/2002,21.35,13.9,44.8,0.81,0.07,9.49,0.69,2.07
3281,Cfa,40719,6/1/2002,27.62,18.71,31.6,0.97,0.07,11.73,0.63,2.93
3282,Cfa,40719,7/1/2002,31.82,21.32,30.5,0.91,0.07,12.41,0.21,3.62
3283,Cfa,40719,8/1/2002,30.36,22.07,27.2,0.97,0.07,8.02,-0.16,3.5
3284,Cfa,40719,9/1/2002,29.15,19.33,25.2,0.53,0.07,5.43,-0.38,3.14
3285,Cfa,40719,10/1/2002,25.09,16.45,40.6,0.71,0.07,2.51,-0.72,2.53
3286,Cfa,40719,11/1/2002,18.61,9.32,58.2,0.58,0.07,0.28,-1.1,1.66
3287,Cfa,40719,12/1/2002,8.57,1.43,83.3,1.46,0.07,-0.01,-0.4,0.9
3288,Cfa,40719,1/1/2003,12.61,3.92,72.5,1.35,0.07,0.3,0.17,1.13
3289,Cfa,40719,2/1/2003,10.4,4.53,74.4,1.32,0.07,2.06,-0.08,1.05
3290,Cfa,40719,3/1/2003,9.96,4.17,71.7,1.16,0.07,4.23,0.31,1.02
3291,Cfa,40719,4/1/2003,15.74,7.93,56.1,1.12,0.07,6.04,0.83,1.43
3292,Cfa,40719,5/1/2003,24.37,13.57,40.8,1.08,0.07,11.23,0.71,2.3
3293,Cfa,40719,6/1/2003,26.16,17.69,35.1,1.05,0.07,11.22,0.43,2.71
3294,Cfa,40719,7/1/2003,29.07,21.15,30.5,0.79,0.07,10.55,0.26,3.27
3295,Cfa,40719,8/1/2003,30.49,20.91,25.2,0.58,0.07,8.63,-0.24,3.42
3296,Cfa,40719,9/1/2003,25.29,17.95,31.5,0.92,0.07,4.99,-0.37,2.64
3297,Cfa,40719,10/1/2003,25.05,15.7,42.5,0.56,0.07,2.56,-0.66,2.48
3298,Cfa,40719,11/1/2003,16.26,8.05,63.2,1.0,0.07,0.58,-0.74,1.46
3299,Cfa,40719,12/1/2003,13.97,5.61,78.4,1.88,0.07,-0.29,-0.13,1.25
3300,Cfa,40719,1/1/2004,15.14,5.54,80.7,1.76,0.07,0.16,0.09,1.31
3301,Cfa,40719,2/1/2004,16.04,6.01,73.1,1.68,0.07,2.05,0.09,1.38
3302,Cfa,40719,3/1/2004,16.53,6.6,51.6,1.42,0.07,4.57,0.17,1.43
3303,Cfa,40719,4/1/2004,18.51,8.25,54.3,0.89,0.07,7.78,0.53,1.61
3304,Cfa,40719,5/1/2004,23.41,14.9,57.3,0.7,0.07,10.2,0.69,2.29
3305,Cfa,40719,6/1/2004,27.64,18.97,29.3,0.63,0.07,11.48,0.36,2.95
3306,Cfa,40719,7/1/2004,28.42,20.17,30.1,0.5,0.07,10.53,0.21,3.12
3307,Cfa,40719,8/1/2004,31.25,21.48,26.5,0.5,0.07,8.57,-0.16,3.56
3308,Cfa,40719,9/1/2004,26.53,17.52,27.4,0.64,0.07,5.22,-0.6,2.74
3309,Cfa,40719,10/1/2004,22.79,12.92,34.9,0.72,0.07,2.3,-0.51,2.13
3310,Cfa,40719,11/1/2004,19.36,10.13,77.3,0.76,0.07,0.84,-0.75,1.74
3311,Cfa,40719,12/1/2004,12.0,2.16,63.9,0.55,0.07,-0.89,-0.49,1.06
3312,Cfa,40719,1/1/2005,11.73,3.63,67.3,1.07,0.07,0.16,-0.16,1.09
3313,Cfa,40719,2/1/2005,8.96,0.49,65.2,1.25,0.07,1.86,0.2,0.89
3314,Cfa,40719,3/1/2005,14.58,6.59,57.3,1.56,0.07,4.44,0.72,1.32
3315,Cfa,40719,4/1/2005,20.02,9.92,46.9,1.46,0.07,7.96,0.65,1.78
3316,Cfa,40719,5/1/2005,23.85,15.88,45.6,1.24,0.07,10.28,0.54,2.38
3317,Cfa,40719,6/1/2005,26.51,18.85,28.5,0.56,0.07,10.3,0.51,2.82
3318,Cfa,40719,7/1/2005,31.57,22.86,25.5,1.25,0.07,11.19,0.25,3.71
3319,Cfa,40719,8/1/2005,30.64,21.74,27.5,1.22,0.07,8.47,-0.3,3.5
3320,Cfa,40719,9/1/2005,26.74,19.22,29.6,1.18,0.07,5.23,-0.55,2.87
3321,Cfa,40719,10/1/2005,22.46,14.26,36.4,1.14,0.07,2.35,-0.68,2.17
3322,Cfa,40719,11/1/2005,17.44,9.23,59.2,0.99,0.07,0.61,-0.47,1.58
3323,Cfa,40719,12/1/2005,15.62,7.79,56.2,1.15,0.07,-0.54,-0.55,1.42
3324,Cfa,40719,1/1/2006,8.77,2.21,73.3,1.46,0.07,0.38,-0.26,0.92
3325,Cfa,40719,2/1/2006,11.79,4.2,70.2,1.4,0.07,2.0,0.42,1.1
3326,Cfa,40719,3/1/2006,16.25,6.86,51.8,1.39,0.07,4.46,0.47,1.42
3327,Cfa,40719,4/1/2006,18.17,11.15,64.4,1.28,0.07,7.09,0.51,1.71
3328,Cfa,40719,5/1/2006,22.54,15.28,49.6,1.09,0.07,9.39,0.78,2.23
3329,Cfa,40719,6/1/2006,30.17,21.4,24.0,1.18,0.07,11.93,0.45,3.42
3330,Cfa,40719,7/1/2006,29.62,20.98,27.6,1.24,0.07,10.83,0.14,3.32
3331,Cfa,40719,8/1/2006,33.62,21.98,21.0,1.06,0.07,9.6,-0.17,3.93
3332,Cfa,40719,9/1/2006,27.17,18.47,28.3,1.16,0.07,5.48,-0.51,2.86
3333,Cfa,40719,10/1/2006,24.05,16.95,54.3,1.32,0.07,2.77,-0.65,2.46
3334,Cfa,40719,11/1/2006,18.46,8.54,67.7,1.4,0.07,0.49,-0.96,1.62
3335,Cfa,40719,12/1/2006,10.85,2.82,62.9,1.45,0.07,-0.71,-0.37,1.02
3336,Cfa,40719,1/1/2007,14.21,2.11,63.6,1.27,0.07,-0.59,0.1,1.17
3337,Cfa,40719,2/1/2007,12.09,4.31,69.1,1.27,0.07,1.98,0.06,1.12
3338,Cfa,40719,3/1/2007,12.24,5.92,67.6,1.46,0.07,4.35,0.36,1.18
3339,Cfa,40719,4/1/2007,16.81,9.83,65.6,1.38,0.07,7.03,0.79,1.56
3340,Cfa,40719,5/1/2007,25.2,15.66,48.8,1.37,0.07,10.97,0.77,2.49
3341,Cfa,40719,6/1/2007,28.74,20.02,33.5,1.42,0.07,11.47,0.32,3.14
3342,Cfa,40719,7/1/2007,28.99,20.91,35.2,1.28,0.07,10.75,0.2,3.24
3343,Cfa,40719,8/1/2007,31.72,22.62,30.9,1.23,0.07,9.06,-0.06,3.71
3344,Cfa,40719,9/1/2007,28.38,19.69,26.9,1.18,0.07,5.36,-0.57,3.08
3345,Cfa,40719,10/1/2007,24.23,13.77,37.4,0.99,0.07,2.35,-0.76,2.3
3346,Cfa,40719,11/1/2007,17.61,8.85,51.7,1.26,0.07,0.34,-0.72,1.58
3347,Cfa,40719,12/1/2007,12.73,4.7,71.2,1.24,0.07,-0.38,-0.84,1.16
3348,Cfa,40719,1/1/2008,4.76,-2.25,68.3,1.76,0.07,0.26,-0.22,0.69
3349,Cfa,40719,2/1/2008,9.3,1.78,71.9,1.49,0.07,1.94,0.95,0.93
3350,Cfa,40719,3/1/2008,21.58,7.97,48.4,1.43,0.07,4.85,0.8,1.82
3351,Cfa,40719,4/1/2008,22.16,11.89,40.1,1.26,0.07,7.69,0.34,2.03
3352,Cfa,40719,5/1/2008,23.3,15.96,31.3,1.45,0.07,9.24,0.41,2.34
3353,Cfa,40719,6/1/2008,26.78,19.07,28.5,1.29,0.07,10.76,0.43,2.86
3354,Cfa,40719,7/1/2008,29.72,21.7,25.4,1.2,0.07,10.62,0.27,3.39
3355,Cfa,40719,8/1/2008,32.26,21.41,28.0,1.19,0.07,9.62,-0.13,3.69
3356,Cfa,40719,9/1/2008,27.43,20.41,34.7,1.17,0.07,5.19,-0.58,3.03
3357,Cfa,40719,10/1/2008,21.34,15.69,51.3,1.13,0.07,2.65,-0.75,2.16
3358,Cfa,40719,11/1/2008,17.46,8.89,65.6,0.89,0.07,0.56,-0.73,1.57
3359,Cfa,40719,12/1/2008,11.37,4.94,50.7,1.33,0.07,-0.22,-0.51,1.11
3360,Cfa,40719,1/1/2009,9.42,2.49,58.8,0.95,0.07,0.26,0.1,0.96
3361,Cfa,40719,2/1/2009,12.91,6.31,68.9,1.2,0.07,2.04,0.4,1.22
3362,Cfa,40719,3/1/2009,16.02,7.24,65.9,1.43,0.07,4.55,0.15,1.42
3363,Cfa,40719,4/1/2009,15.45,7.96,56.9,1.41,0.07,6.99,0.56,1.41
3364,Cfa,40719,5/1/2009,23.83,15.51,36.8,1.3,0.07,10.05,0.88,2.36
3365,Cfa,40719,6/1/2009,28.3,20.13,34.6,1.24,0.07,11.69,0.49,3.1
3366,Cfa,40719,7/1/2009,31.01,22.31,32.1,1.39,0.07,11.09,-0.03,3.6
3367,Cfa,40719,8/1/2009,27.38,20.19,29.0,1.12,0.07,7.42,-0.32,3.01
3368,Cfa,40719,9/1/2009,26.32,17.95,41.2,1.2,0.07,5.6,-0.32,2.74
3369,Cfa,40719,10/1/2009,24.0,14.35,40.8,0.88,0.07,2.48,-0.54,2.31
3370,Cfa,40719,11/1/2009,18.83,10.11,67.2,0.93,0.07,0.62,-0.6,1.71
3371,Cfa,40719,12/1/2009,14.19,6.99,72.3,0.99,0.07,-0.02,-0.35,1.31
3372,Cfa,40719,1/1/2010,12.85,6.18,67.5,0.84,0.07,0.53,-0.19,1.22
3373,Cfa,40719,2/1/2010,10.59,5.27,72.1,1.29,0.07,2.07,0.03,1.08
3374,Cfa,40719,3/1/2010,13.2,6.58,60.0,1.26,0.07,4.2,0.39,1.25
3375,Cfa,40719,4/1/2010,16.93,10.09,63.0,1.27,0.07,6.86,0.72,1.58
3376,Cfa,40719,5/1/2010,24.04,16.36,50.7,1.32,0.07,9.93,0.92,2.43
3377,Cfa,40719,6/1/2010,31.37,21.87,30.3,1.12,0.07,12.63,0.54,3.61
3378,Cfa,40719,7/1/2010,32.64,23.21,23.6,0.94,0.07,11.44,0.04,3.89
3379,Cfa,40719,8/1/2010,33.0,21.28,30.1,0.73,0.07,9.52,-0.25,3.78
3380,Cfa,40719,9/1/2010,29.09,19.55,30.0,0.7,0.07,5.68,-0.5,3.15
3381,Cfa,40719,10/1/2010,23.07,16.86,40.9,0.82,0.07,2.49,-0.7,2.37
3382,Cfa,40719,11/1/2010,19.67,9.05,32.7,0.56,0.07,-0.59,-0.49,1.72
3383,Cfa,40719,12/1/2010,18.51,7.52,52.8,1.17,0.07,-0.61,-0.41,1.59
3384,Cfa,40719,1/1/2011,12.32,4.68,73.2,1.59,0.07,0.3,-0.44,1.14
3385,Cfa,40719,2/1/2011,10.1,3.41,67.5,1.93,0.07,1.96,0.04,1.01
3386,Cfa,40719,3/1/2011,13.02,5.07,54.0,1.54,0.07,4.49,0.54,1.19
3387,Cfa,40719,4/1/2011,19.32,9.7,57.4,1.6,0.07,6.96,0.78,1.72
3388,Cfa,40719,5/1/2011,24.07,16.21,52.7,1.17,0.07,9.77,0.69,2.42
3389,Cfa,40719,6/1/2011,28.31,20.32,33.1,1.37,0.07,11.01,0.53,3.12
3390,Cfa,40719,7/1/2011,32.97,22.55,25.6,1.3,0.07,11.92,0.04,3.88
3391,Cfa,40719,8/1/2011,28.33,21.42,29.9,1.31,0.07,7.68,-0.42,3.2
3392,Cfa,40719,9/1/2011,25.54,17.91,31.3,1.2,0.07,5.17,-0.52,2.66
3393,Cfa,40719,10/1/2011,21.49,13.43,41.2,1.13,0.07,2.45,-0.91,2.05
3394,Cfa,40719,11/1/2011,11.9,5.59,64.8,1.56,0.07,0.8,-0.66,1.15
3395,Cfa,40719,12/1/2011,11.88,4.24,58.9,1.02,0.07,-0.62,-0.12,1.11
3396,Cfa,40719,1/1/2012,11.04,3.07,73.3,1.53,0.07,0.08,-0.25,1.04
3397,Cfa,40719,2/1/2012,7.99,0.92,65.5,1.58,0.07,1.9,0.03,0.86
3398,Cfa,40719,3/1/2012,11.95,3.13,63.0,1.51,0.07,4.73,0.91,1.08
3399,Cfa,40719,4/1/2012,22.74,12.3,53.0,1.33,0.07,8.06,1.08,2.1
3400,Cfa,40719,5/1/2012,27.6,18.39,38.6,1.3,0.07,10.75,0.52,2.91
3401,Cfa,40719,6/1/2012,29.61,20.21,30.4,1.28,0.07,12.16,0.17,3.26
3402,Cfa,40719,7/1/2012,29.55,21.39,28.5,1.18,0.07,10.63,0.14,3.34
3403,Cfa,40719,8/1/2012,32.01,21.81,24.7,1.11,0.07,8.85,-0.22,3.69
3404,Cfa,40719,9/1/2012,26.48,18.14,31.6,1.11,0.07,5.27,-0.48,2.77
3405,Cfa,40719,10/1/2012,25.25,14.9,49.2,0.78,0.07,2.78,-0.55,2.46
3406,Cfa,40719,11/1/2012,18.23,10.76,68.9,1.1,0.07,0.81,-0.75,1.69
3407,Cfa,40719,12/1/2012,13.44,5.41,68.9,1.49,0.07,-0.22,-0.38,1.22
3408,Cfa,40719,1/1/2013,15.16,2.85,73.9,1.38,0.07,-0.16,-0.0,1.24
3409,Cfa,40719,2/1/2013,12.88,5.91,68.1,0.99,0.07,2.02,0.17,1.21
3410,Cfa,40719,3/1/2013,16.44,6.55,55.5,1.36,0.07,4.5,0.38,1.42
3411,Cfa,40719,4/1/2013,19.36,10.17,49.5,1.17,0.07,7.31,0.63,1.75
3412,Cfa,40719,5/1/2013,25.66,15.28,50.7,1.15,0.07,11.34,0.67,2.52
3413,Cfa,40719,6/1/2013,29.08,19.47,28.6,1.24,0.07,11.9,0.35,3.14
3414,Cfa,40719,7/1/2013,30.13,20.67,26.2,1.2,0.07,10.59,0.02,3.36
3415,Cfa,40719,8/1/2013,28.87,20.17,31.0,1.04,0.07,8.05,-0.13,3.17
3416,Cfa,40719,9/1/2013,27.22,19.8,25.6,1.12,0.07,4.76,-0.54,2.96
3417,Cfa,40719,10/1/2013,21.48,12.15,38.9,1.39,0.07,2.37,-0.68,1.99
3418,Cfa,40719,11/1/2013,17.29,10.29,67.6,0.99,0.07,0.87,-0.63,1.61
3419,Cfa,40719,12/1/2013,12.24,3.39,63.3,1.28,0.07,-0.63,-0.37,1.1
3420,Cfa,40719,1/1/2014,12.11,4.99,67.9,1.29,0.07,0.33,-0.14,1.14
3421,Cfa,40719,2/1/2014,9.11,2.5,54.4,1.05,0.07,1.8,0.16,0.94
3422,Cfa,40719,3/1/2014,14.65,7.12,60.6,1.49,0.07,4.55,0.63,1.34
3423,Cfa,40719,4/1/2014,19.18,10.34,53.4,1.37,0.07,7.94,0.83,1.74
3424,Cfa,40719,5/1/2014,27.37,17.99,39.3,1.17,0.07,11.02,0.72,2.85
3425,Cfa,40719,6/1/2014,29.53,20.67,29.7,1.33,0.07,11.8,0.29,3.29
3426,Cfa,40719,7/1/2014,31.1,22.53,28.7,1.24,0.07,11.22,0.21,3.63
3427,Cfa,40719,8/1/2014,33.88,22.37,25.4,1.17,0.07,10.05,-0.16,4.0
3428,Cfa,40719,9/1/2014,28.52,20.51,28.7,1.22,0.07,5.36,-0.79,3.16
3429,Cfa,40719,10/1/2014,19.82,13.83,58.6,1.07,0.07,2.7,-0.93,1.95
3430,Cfa,40719,11/1/2014,14.58,7.97,62.3,1.03,0.07,0.6,-0.49,1.37
3431,Cfa,40719,12/1/2014,13.58,6.08,75.4,0.74,0.07,-0.12,-0.17,1.25
3432,Cfa,40719,1/1/2015,12.45,5.28,65.0,1.42,0.07,0.24,-0.07,1.17
3433,Cfa,40719,2/1/2015,11.64,5.99,62.2,1.37,0.07,1.96,0.08,1.15
3434,Cfa,40719,3/1/2015,12.91,6.97,60.3,1.18,0.07,4.38,0.36,1.24
3435,Cfa,40719,4/1/2015,18.16,9.72,49.7,1.13,0.07,7.37,0.74,1.65
3436,Cfa,40719,5/1/2015,24.74,16.14,39.7,1.13,0.07,10.05,0.82,2.48
3437,Cfa,40719,6/1/2015,30.48,20.94,26.6,1.2,0.07,12.7,0.45,3.42
3438,Cfa,40719,7/1/2015,31.39,22.28,23.5,1.16,0.07,11.36,0.05,3.64
3439,Cfa,40719,8/1/2015,30.84,22.12,24.4,1.18,0.07,8.55,-0.21,3.56
3440,Cfa,40719,9/1/2015,28.48,19.3,32.3,0.86,0.07,5.8,-0.53,3.06
3441,Cfa,40719,10/1/2015,21.54,16.26,59.1,1.31,0.07,2.74,-0.77,2.21
3442,Cfa,40719,11/1/2015,16.86,8.79,66.2,1.08,0.07,0.61,-0.69,1.53
3443,Cfa,40719,12/1/2015,13.35,4.82,74.1,1.01,0.07,-0.48,-0.25,1.2
3444,Cfa,40719,1/1/2016,13.2,5.27,75.5,1.44,0.07,0.19,-0.0,1.2
3445,Cfa,40719,2/1/2016,13.34,4.78,65.5,1.13,0.07,1.91,0.24,1.2
3446,Cfa,40719,3/1/2016,16.39,8.83,64.6,1.44,0.07,4.47,0.45,1.5
3447,Cfa,40719,4/1/2016,19.6,11.28,53.5,1.19,0.07,7.3,0.58,1.81
3448,Cfa,40719,5/1/2016,24.52,17.25,44.2,1.13,0.07,9.89,0.65,2.52
3449,Cfa,40719,6/1/2016,28.93,20.64,36.1,1.21,0.07,11.81,0.33,3.21
3450,Cfa,40719,7/1/2016,29.17,21.95,30.2,1.02,0.07,9.65,0.2,3.34
3451,Cfa,40719,8/1/2016,33.51,21.77,22.9,0.85,0.07,9.95,-0.15,3.89
3452,Cfa,40719,9/1/2016,27.04,19.73,31.0,1.19,0.07,5.05,-0.75,2.94
3453,Cfa,40719,10/1/2016,19.69,14.18,40.9,1.59,0.07,2.45,-0.91,1.96
3454,Cfa,40719,11/1/2016,13.91,6.81,43.1,0.96,0.07,0.23,-0.62,1.29
3455,Cfa,40719,12/1/2016,10.91,5.19,78.9,1.62,0.07,-0.05,-0.23,1.09
